Persona,Predicted_Score
Young Professional,851.3796108985138
Middle-Aged Average,850.8603061343414
Senior Citizen,854.1439457043226
Young Adult,515.3716949213645
"High Income, High Debt",848.8700042937595
